INSERT INTO freelancers (freelancer_id, name, email, phone, skills, rating, hourly_rate, profile_description) VALUES (1, 'Robert Moore', 'vaughansheryl@example.org', '204-390-4492x9911', 'him, option, political', 1.3, 64.63, 'Dinner follow two significant next see. Nice loss finish employee sit. Begin cause wall nearly century.'), (2, 'Theodore Reyes', 'nolancharles@example.org', '(952)704-6885x18787', 'attention, table, debate', 4.4, 70.49, 'Cultural make show.\nSmile determine wear investment space provide test prepare. Open star economic agreement.'), (3, 'Michele Simmons', 'anthonyhill@example.com', '001-531-836-6379x5853', 'machine, data, lot', 2.9, 85.36, 'Begin resource movement heart just final Mrs. At somebody actually always. Contain fight present.\nSociety idea soon site. Really close Congress fast. Common will degree once suggest.'), (4, 'Christine Moon', 'deanna67@example.org', '+1-858-626-6663x2722', 'either, economic, produce', 2.8, 94.81, 'Five person simple simple discover argue. Result society hour skill here knowledge choice.\nSpecific old agent option challenge. Tonight here describe will.'), (5, 'Julie Harris', 'anthonyhicks@example.org', '001-288-439-5984x0289', 'mission, interesting, will', 4.8, 99.24, 'Possible marriage each girl question. Perhaps factor turn capital because section free.\nBig upon arrive group. Red else student whole stock offer hospital want.\nBlood voice together before.'), (6, 'Nathan Page', 'sbrown@example.org', '450-525-5017x86346', 'center, worker, half', 1.1, 96.15, 'Party court majority believe take ball mean. Option pressure toward we administration put capital. Almost side white indeed great purpose science.'), (7, 'Anita Clark', 'michaelbell@example.net', '(545)548-6707', 'market, all, stuff', 3.1, 46.44, 'Wait development guess election. Ground court art. Newspaper design run ask Mr sea information.\nMuch century him add. Activity cost within light rich list score unit.'), (8, 'David Smith', 'hugheschristy@example.net', '584.319.9752x8995', 'imagine, vote, mean', 2.1, 41.77, 'Baby same people anything behavior enter whose. Loss western memory send force design.\nGas success each. Myself anything sense health certain lay employee. Those start whom step best nation industry.'), (9, 'Chad Briggs', 'bellkathryn@example.org', '393-366-0807x3605', 'low, look, your', 4.1, 42.04, 'Surface road song every may rise.\nDrug person join institution must education loss. Movement box interesting different strong in.'), (10, 'Bobby Frazier', 'hillandrea@example.org', '+1-567-735-0264', 'beat, parent, one', 4.3, 20.44, 'Rate discover use source pass. Blood recent admit eat research sort particularly social.\nPiece among blue course mean special can. Able south peace everyone. Blue country different establish act.'), (11, 'Michelle Johnson', 'mckinneycarrie@example.net', '332.875.6553x10524', 'maybe, turn, heart', 3.5, 88.3, 'Many world international call even important huge buy. Window history city deep final agree.\nEnergy standard college effect month. That gun ball look training. Wear charge member director paper but.'), (12, 'Mr. Patrick Salazar DDS', 'harrisryan@example.org', '(644)536-8841', 'east, season, scene', 2.7, 86.56, 'Church finally feel company when sound. Gas himself experience building.\nOk season real win. Others factor begin quality water real.'), (13, 'Steven Mahoney', 'fmartin@example.org', '+1-962-909-7806x92226', 'test, black, television', 3.0, 35.14, 'Research above know into meet factor. Catch Mrs election need. Could water job develop avoid.\nWill race matter.\nCity these matter drug. Event police off to add another.'), (14, 'Brittany Smith', 'weaverjennifer@example.net', '511.443.4782x6739', 'institution, research, include', 4.2, 28.59, 'Pm hold camera away media box friend million. Trade they small hundred Mr white.\nKind approach poor watch subject lawyer beat. Old movie degree bar thought fight. Test memory party senior.'), (15, 'John Newton', 'brookepowell@example.org', '506.512.0724', 'sea, them, present', 3.8, 64.07, 'Radio box dinner page cold. Star above seven during walk capital. He reduce though image mouth drive.\nLanguage power throughout about suddenly situation bit. Mission head girl certainly.'), (16, 'Richard Burns', 'durhamdenise@example.com', '582.752.9809x966', 'compare, no, option', 3.4, 88.7, 'State run race election. Report policy property stage. Seek wish federal development step nor.'), (17, 'Christina Hart', 'oyoung@example.org', '476.828.3846x3370', 'reach, public, along', 1.1, 50.82, 'News recently company her story late. Organization realize former area hand field. Use law according even training contain subject.'), (18, 'Glenn Wallace', 'coxpeter@example.org', '001-889-689-8924x7109', 'age, behavior, feeling', 3.7, 48.84, 'Might agreement child step. Source collection size west prove factor. Evening fish long take guess may rest.\nAlmost likely suddenly away. Culture speech I candidate paper number.'), (19, 'Becky Robinson', 'heidinewman@example.org', '001-387-389-8054x81627', 'real, never, soon', 4.0, 47.54, 'Year water order work. Organization point information exist interview her consider.'), (20, 'Robin Collins', 'youngmatthew@example.net', '936-864-8200x04514', 'number, everyone, she', 4.7, 90.14, 'Represent on determine over really ability.\nStand record grow begin. Produce center arm.\nSection reason government conference term treat discussion. Personal short evidence policy not.'), (21, 'Gabrielle Roach', 'iwiley@example.com', '769.257.3428x6694', 'price, yourself, case', 1.8, 63.35, 'Say girl field bed husband Mr. Able and believe she family leg particular.\nThink sure compare country begin. About Mr once child. Bar job determine item.'), (22, 'Theodore James', 'cynthia59@example.com', '451.817.0795', 'development, more, student', 2.6, 89.99, 'Stay support door. American traditional most. Morning system thank street recognize radio.\nIndividual join decide themselves investment cause. Drug brother cost black. Project long loss smile.'), (23, 'Cassandra Miller', 'jillfischer@example.com', '606.857.3450x08451', 'environmental, moment, sound', 4.2, 77.77, 'Know hospital purpose. Hot allow form science before cold. Why fact fear question.\nDescribe attack discuss realize. Teach rise for staff field able. Congress sense likely white dream black relate.'), (24, 'David Lynn', 'donna05@example.net', '595-308-1600x02506', 'action, fast, kitchen', 3.7, 69.76, 'Here move class. Sometimes financial here term of environment quickly.\nHow become sport member dinner. There beat stand group event treatment.'), (25, 'Gabrielle Anderson', 'kfox@example.org', '+1-415-601-6776x6633', 'they, it, up', 4.0, 96.11, 'Movement science term our. Meeting person able interest. Campaign interest appear tend action least.\nMilitary attorney they its particular tax let. Off this international recognize serve.'), (26, 'John Howell', 'howellconnie@example.net', '(336)212-8909', 'current, buy, run', 2.4, 93.66, 'Early indicate item quite thank south address. Particularly who third federal writer statement end.\nSport lose enter letter. Information like seem very.'), (27, 'Larry Lopez', 'russellroberson@example.com', '559-455-1798x22492', 'end, view, continue', 3.2, 76.22, 'Notice window parent miss purpose meeting. Include article loss continue. Industry eight final rise arm military expert school. School decade fine free sea particularly develop.'), (28, 'Dwayne King', 'ishields@example.org', '+1-879-809-3680', 'imagine, political, later', 1.2, 75.89, 'Three able culture describe. Away animal fine top place avoid.\nField your voice truth past. How particularly church box democratic. Story oil American difference performance.'), (29, 'Darryl Ross', 'hartmanlisa@example.net', '368.725.0470x012', 'tend, early, writer', 4.7, 55.91, 'Decide leg rich certain source spend very. Subject radio him teach. North card southern kind.\nPrice on apply item risk ball. Mouth form pretty realize side energy anyone. Them certainly civil.'), (30, 'Jessica Aguilar', 'patricia35@example.org', '(877)752-2266', 'brother, everyone, might', 4.1, 42.03, 'Represent but road everything. Wind front apply you bank several find. Week the little if condition piece.'), (31, 'Samantha Young', 'jodimiller@example.net', '(272)876-7146x773', 'sea, particularly, treatment', 1.7, 43.83, 'They pick without company result really. Exactly democratic skin see answer which way.'), (32, 'Ariana Ramos', 'ihansen@example.org', '414.700.5229x2568', 'organization, response, add', 4.8, 51.24, 'Seven realize politics employee specific girl above. Grow wind despite generation can shoulder own. Task coach order service sure candidate.\nCondition media for again. Law operation military loss.'), (33, 'Lisa Beltran', 'destinyberg@example.org', '(812)365-9270', 'once, physical, performance', 1.3, 44.32, 'Travel thank while bit study. Inside street so air.\nSince stay everything environmental. General side bank toward him finally.'), (34, 'Priscilla Fox', 'marcus66@example.net', '492.518.2637x67511', 'eye, practice, radio', 4.6, 73.74, 'Analysis law ahead sport various modern history heavy. Sense minute central may heavy front country. Stock prepare everybody all.'), (35, 'Peter Torres', 'oliviamatthews@example.org', '+1-531-617-2589x9924', 'money, talk, piece', 4.5, 37.42, 'List money least late candidate. Fall show message owner scientist join. Marriage director instead left speech option.'), (36, 'Russell Mercado', 'lisa77@example.net', '001-844-513-4436x266', 'him, manager, political', 2.0, 53.33, 'Mean such hotel wear mouth me throughout. Talk yard ball her.\nListen inside seven wear real. Look through two impact might this memory. Do particular bring animal plan mean right.'), (37, 'Michelle Adams', 'jessica59@example.net', '217.492.9340x80972', 'sense, very, amount', 2.6, 44.48, 'Matter finish station card I she until. American really blue see. Bag radio build white old.'), (38, 'Kimberly Salas', 'coryhall@example.org', '+1-207-973-8027', 'already, visit, lot', 4.1, 65.87, 'Last system response peace. Meet staff there during. Even information challenge along bit measure.'), (39, 'Jessica King', 'fosterluke@example.com', '+1-849-674-1263', 'former, expert, write', 2.0, 74.6, 'Through mother choose carry. Sport lay protect interesting situation. Step boy agreement shake.\nRealize both material most return available various.'), (40, 'Mrs. Cassandra Cole', 'davidcole@example.net', '(200)470-5698', 'center, only, fact', 3.4, 53.9, 'Federal best dark window control. Recent daughter floor case the job meet.\nOne set born area allow network radio. Lead will painting least plant.'), (41, 'Mallory Woods', 'dcarter@example.net', '(587)449-6079', 'west, firm, role', 1.6, 33.73, 'Treat present grow force color maintain tough put. Front score I whether girl.\nCare however to keep bad. Heavy but in. To same parent field wait fight.'), (42, 'Edward Gonzalez', 'kevin36@example.com', '(625)246-8266x8590', 'soldier, believe, wide', 2.4, 31.95, 'Decade say occur night church whom fact. Raise her back blue data bed.\nScientist attack war sport lose medical. Dinner debate factor letter. Write according American court social maybe.'), (43, 'Jason Beck', 'bianca76@example.org', '514.400.4961', 'somebody, central, out', 2.3, 42.02, 'Fast conference hot director security friend area. Drop beat important drug.\nThat fact born piece.\nFinancial right magazine mouth recent. Turn commercial growth any. Debate source suddenly argue.'), (44, 'Jenna Cantrell', 'charris@example.org', '750-836-1726x665', 'if, evening, court', 2.5, 86.32, 'Address often this pressure note. Next performance film indeed. Recent human road spring environmental training society. Structure way opportunity star strong between.'), (45, 'Wendy Huber', 'kristin76@example.org', '963.206.3134', 'hospital, protect, institution', 1.6, 83.41, 'Believe group book operation section understand. Hard source others sport hit surface event. Care our certain require here painting.'), (46, 'April Mullins', 'matthewsjonathan@example.net', '(531)966-0189x47574', 'on, discover, stop', 4.9, 80.2, 'Nor firm store. Certain today thank poor note blood her.\nGeneral must wide threat maintain. Training son arrive amount. If member arrive new number nice.'), (47, 'Travis Scott', 'matthewstephens@example.com', '2126766824', 'cost, of, necessary', 2.3, 63.14, 'East stuff public. Million money expert even process else.'), (48, 'Susan Peterson', 'hcollier@example.com', '556.261.4133', 'the, note, use', 3.3, 57.29, 'View candidate growth skin. See poor end over me write.\nMyself detail right idea. Treat win yard century ready its office.'), (49, 'Michael Henderson', 'kpacheco@example.org', '5284257440', 'direction, back, like', 1.3, 94.77, 'Assume laugh along red shoulder decide. True country wife.\nTend dark international budget. Look bill sign walk story stop.'), (50, 'Jonathan Henderson', 'mnewman@example.com', '(874)415-2257x559', 'store, manage, five', 4.4, 48.23, 'Growth daughter maintain. Space open worker audience.\nNorth generation election well moment tough. Source south mean. Its manage politics by same police protect speak.');
INSERT INTO clients (client_id, name, email, phone, company, profile_description) VALUES (1, 'Powers-Byrd', 'erica99@example.org', '+1-958-247-3655x481', 'Johnson-Cross', 'During Mr factor interest you care note action. Growth until whatever majority.'), (2, 'Moore, Diaz and Clark', 'jessica12@example.net', '340-295-7325', 'Morgan PLC', 'Mouth final section against ball heavy reality.\nDeal wife actually hair from. Room believe professor. Need spring look north put.'), (3, 'Houston, Perez and Phillips', 'ghenry@example.net', '+1-759-589-1611x17866', 'Holden, Lane and Peterson', 'Team economy write here tend child responsibility. Those student consumer child campaign small inside.\nBit me dark. Ground agreement same resource. Mean big bad describe free.'), (4, 'Davis-Walton', 'thomasstevens@example.com', '001-467-356-9487', 'Lee Group', 'Less respond relationship answer. Short position cold race bed. Own street have during sell.\nDay attorney or view popular onto. Card treat including approach save ahead.'), (5, 'Velez-Meyers', 'hernandezamy@example.org', '+1-935-463-4368x52310', 'Miller-Aguilar', 'According stay wrong follow these hold. Structure speech forward service late. Word drug responsibility control they. Choice daughter society small bit.'), (6, 'Ball, Hernandez and Cabrera', 'ronnie18@example.net', '423-506-9754x325', 'Rodgers-White', 'Put quite arrive American college agreement just about. Debate born shake market although. Event marriage education college result growth.'), (7, 'Nielsen PLC', 'gonzaleskelsey@example.org', '570.234.4811', 'Blair-Delacruz', 'Reality carry anyone usually chance. Dinner past let someone child.\nResearch situation in not however speak. Spend last form simple. Position attention discuss health.'), (8, 'Gonzalez-Moore', 'benjaminprice@example.com', '(748)257-6299x6241', 'Rowland and Sons', 'Turn writer majority open she over. Nor reduce author medical probably draw whose. Into various according step.\nGun form this show. Within lawyer your without all spend.'), (9, 'Bowman-Peterson', 'malonerichard@example.com', '433.544.2942', 'Gutierrez PLC', 'Herself local blood both surface local let. Any get such. Media energy might that.\nDirection third agreement trade film. Field hear beautiful.'), (10, 'Duffy Group', 'jreed@example.net', '+1-644-670-8970x622', 'Rogers, Simmons and Russell', 'Laugh apply where present everything between upon. And force record husband.'), (11, 'Larson-Lewis', 'michaelrichard@example.net', '350-278-7264', 'Ross, Herrera and Knight', 'Pressure sport who assume form team. Reality glass ago north but whole these. Scene much onto daughter image course.'), (12, 'Carson-Cruz', 'williamsapril@example.net', '(416)222-3223x50066', 'Vargas-Bradford', 'Agency over both serious prepare source itself.\nSee why opportunity all. Although coach fish. Across enter somebody executive per up get.'), (13, 'Davis, Miller and Mosley', 'wongdavid@example.net', '001-738-522-3739x5089', 'Thompson PLC', 'Shake reduce head try history easy. Dream discussion such arrive affect join.\nStore gas thing market. Its agree charge but fall turn research.'), (14, 'Jackson, Carr and Harris', 'garciarobert@example.org', '893-296-6488', 'Anderson, Mills and Jones', 'Official bit value fall mouth. Soldier event traditional remain quite may where.\nRun trip perhaps. Center will general develop.\nManage center matter. Fact doctor follow build should.'), (15, 'Hopkins, Stark and Kline', 'karennavarro@example.org', '001-501-383-5293x284', 'Ramirez and Sons', 'All walk they study about sense material police. Pm point thank science others. Name year part stop six.\nGet learn strategy unit drug over. Number last skin manager back style.'), (16, 'Bradley, Gomez and Jones', 'ogonzales@example.com', '(628)486-3727x391', 'Wilkerson, Martin and Ramirez', 'Dream since magazine dog three often. Million foreign remember lay several the senior try. Future rock now benefit office how little.'), (17, 'Glass, Thomas and Gordon', 'kenneth04@example.com', '001-753-863-6711x809', 'Aguilar, Martin and Miles', 'Drive herself while stand everything whom field. House field just tough than. Use same environment born.\nBegin administration effort beyond. Issue idea sure charge.'), (18, 'Smith-Crosby', 'christophermccall@example.org', '241-258-9652', 'Ramos, Farmer and Gregory', 'Forward former down financial team benefit. Technology option someone pay front weight window. State alone quite anything. Finally move dark police chance court.'), (19, 'Rios, Davidson and Valentine', 'operez@example.net', '+1-309-424-7986x7088', 'Thomas-Hines', 'Sometimes party discussion Congress fly power. Few nearly level peace local fear.\nTree notice program improve note. Color financial run local spring.'), (20, 'Miranda LLC', 'deleonjennifer@example.net', '500-860-8293x0286', 'Wilkerson PLC', 'Discover set star property rich despite theory. Door season responsibility sea serious school.\nLeave road fish hand. Among forget production imagine any improve. Maybe no music better born.'), (21, 'Nunez, Brown and Gomez', 'brent31@example.com', '(966)306-6707', 'Hill Inc', 'Significant fly a land turn. Few organization how produce mind strong drive. Of water water staff page paper.'), (22, 'Holder Group', 'guerrerokarl@example.org', '001-456-840-4017x0124', 'Olson LLC', 'Place big choose subject southern over which. Responsibility not look range scene. Person goal difference should again only evening bill.'), (23, 'Scott-Banks', 'christopherhaley@example.net', '476-499-0224x6190', 'Medina Group', 'Determine far though receive surface single. Month however respond. Clear need them past. Seat game gun key fly.'), (24, 'Brennan, Johnson and Simpson', 'sawyervictor@example.net', '(251)419-3621x074', 'Lewis, Hill and Smith', 'Every court marriage control pressure. Operation dark kind. Design information teach place defense nor fund. Sister race skin.'), (25, 'Henderson-Hurst', 'donna55@example.net', '(332)523-3823x2867', 'Bishop-Bradshaw', 'Main husband station without article company thus. Fly four want simple board true doctor.\nTalk measure evidence short professor. See air sound back.'), (26, 'Sparks Group', 'rachellucas@example.net', '3553972428', 'Park-Schroeder', 'Produce effect exist drop evening safe. Morning up resource rather.\nContinue performance green whom message personal. Election whether ask law. Necessary tend senior capital.'), (27, 'Martin Ltd', 'michaeljames@example.org', '001-694-734-7005x0702', 'Bowman Ltd', 'Of interesting same art. Several war claim majority hot they very herself.'), (28, 'Mays PLC', 'tanyaparsons@example.org', '434-319-4047x025', 'Hodges, Pena and Benjamin', 'Hold other consider. Wish address tonight. Arm use tell group great hour and require.\nBall once painting style again cut answer. Compare ball vote rest truth parent huge.'), (29, 'Mason, Jackson and Cunningham', 'hdillon@example.org', '819-599-2917x85024', 'Hudson, Oliver and Peterson', 'Take per compare foot. Let beyond occur feel speak.\nThought responsibility push training center. Consumer material protect nor fast around practice.'), (30, 'Lewis, Baldwin and Johnson', 'davidsonjennifer@example.com', '893-607-0502', 'Roberts, Robinson and Prince', 'Somebody resource project employee can image. Federal strategy only parent peace effort head.\nHeavy ability once test response. Interesting seem event central young unit soldier.'), (31, 'Holmes Inc', 'joshua09@example.com', '+1-272-910-9108x62262', 'Pierce-Johnson', 'Even natural exactly black create. Travel wife test particular. Son make like him.\nBall without behind sell very. And prove learn interest event field can glass.'), (32, 'Chandler, Roberson and Brown', 'cranemark@example.org', '001-975-934-4787', 'Pham Ltd', 'Mean world property lead marriage. Lawyer also one full stand actually.\nCertainly fall though she and house. Series bar power himself fine go.'), (33, 'Perry-Monroe', 'darryllin@example.org', '001-656-785-3639', 'Owens, Hancock and Kelly', 'It father as site debate. Friend try read matter.\nBefore stuff view order. Difference near no activity medical air plan. Word physical whether adult nearly life understand.'), (34, 'Cantu, Williams and Liu', 'kathleen79@example.com', '(968)726-3233', 'Martinez-Johnson', 'Do involve maybe every home future. Soldier spring because social type. Challenge from defense.\nCard campaign coach help something I note. Ball there admit why serious second writer.'), (35, 'Martinez, Jones and Nash', 'ericageorge@example.org', '001-716-211-5796', 'Smith, Miller and Hall', 'Result cause million team physical behavior media. Government identify charge address civil.\nMovie to instead other commercial knowledge. Million line discussion administration good.'), (36, 'Johnson PLC', 'james38@example.com', '(447)895-9791', 'Johnson-Willis', 'Figure hold commercial notice page care expert suddenly. Range particular security movie unit PM. Develop bar book another.'), (37, 'White and Sons', 'kevin04@example.com', '372-934-1793', 'Hess Inc', 'Happy have lawyer less score range finish. Interesting cultural low task institution name card discuss.'), (38, 'Elliott, Murray and Barrera', 'candacebryant@example.net', '001-752-763-8454x55858', 'Russell-Maxwell', 'Treat thing society like doctor. We cut structure role argue.\nSea boy current near up less control north. Quality television at after themselves step.'), (39, 'Olson Ltd', 'kconner@example.net', '001-487-278-7859x080', 'Clark, Jackson and Miller', 'Cost health campaign summer specific wear.\nSerious current game when. Team leave statement likely become. Future purpose store arm training participant write two.'), (40, 'Reilly PLC', 'nwilliams@example.net', '+1-334-863-7390', 'Booth Ltd', 'Administration soon debate group any party.\nSoon stage road. Cold close practice message open get set.\nThird tonight image authority. Quite loss worry employee only. Painting lot last anyone effort.'), (41, 'Smith PLC', 'millereric@example.net', '3355503127', 'Thompson-Gray', 'Bank soon its across. Born fight standard sort do. Foreign ten adult under high they.'), (42, 'Avila-Sanchez', 'christinapacheco@example.net', '(305)890-0130x183', 'Odom Inc', 'Other key employee idea. Tend letter continue state.\nExactly cover successful between with war. Almost any available they quality power. Bill school such eye public.'), (43, 'Lindsey LLC', 'qnelson@example.net', '001-591-697-7495', 'Williams, Martin and Thompson', 'International we sort upon listen program. Interest fast money offer. Nature expect despite voice student grow gas.'), (44, 'Chambers-Mosley', 'steven60@example.org', '372.814.2735x6478', 'Alvarez LLC', 'Over their change meeting. Tv must gas local. Take including property way single owner quality.\nShould organization lawyer laugh. Eight red message wall.'), (45, 'Ramirez, Garrison and Duncan', 'ismith@example.org', '4015141856', 'Mills Inc', 'Benefit make yourself at glass just nation. Either deep fund receive street.\nAgain most idea happen call ground. Country what able provide.'), (46, 'Hernandez PLC', 'rmartin@example.org', '295.710.4686x424', 'Matthews-Flores', 'Size positive community on out site avoid wife. Goal service learn indeed.\nResult seek run some. Do test continue true.\nHundred even order even. Contain outside care real capital.'), (47, 'Baker-Castillo', 'hjames@example.org', '+1-584-352-5015x39101', 'Allison-Zavala', 'Every share thus ten situation drop final suggest. Pattern issue but character right level growth pass.\nChoice term tax generation. Sing add conference simply vote.'), (48, 'Molina Ltd', 'qanderson@example.net', '001-393-766-9794x8561', 'Ward-Diaz', 'Heart bed scene great several.\nNight agent not face tonight protect federal. Every play suggest more tax.\nCare try else threat need focus. Above again pass large.'), (49, 'Austin, Young and Clark', 'xcurtis@example.com', '410-978-7004', 'Jackson Inc', 'Early different stock. Catch organization environmental you woman month. Could feeling term.\nOver present energy assume. Table work current know point. Establish officer affect both.'), (50, 'White and Sons', 'ashley38@example.net', '001-564-423-9730x25848', 'Stein, Byrd and Ford', 'Material for for. Change scientist both live stay whole.\nOur position author ask. News wonder first travel.\nFinish social news sense hundred administration. Near room create collection movement game.');
INSERT INTO proposals (proposal_id, freelancer_id, client_id, project_title, description, bid_amount, submission_date, status) VALUES (1, 10, 15, 'Positive travel nature fire worker onto.', 'Anything government another culture. Respond sell eye near. Because activity every community then type.\nSite will office myself sign. Until rather wait town memory share. Central entire building cell improve tough bring.\nQuickly they establish him under teacher line. Major national seven dog firm song address.\nWater sort win. For possible decision eight his. Later manager example nearly out school.', 721.37, datetime.date(2023, 11, 19), 'accepted'), (2, 37, 32, 'Late crime experience another.', 'Food vote perform same. Bring town individual hand beyond city second. Trip those training Mrs effect country.\nArticle medical candidate watch population action. Collection yes offer sometimes rather.\nSource resource many. Power development under whose Republican politics expect training. Congress Mrs through.\nNice stuff bank check. Catch seven item popular report despite huge. Need single support positive listen us goal.\nBoard but why Democrat. Pressure affect look risk.', 645.39, datetime.date(2024, 5, 16), 'accepted'), (3, 23, 32, 'Social three instead.', 'Firm form so wrong. Take industry oil single grow stage. Rest at worry.\nDaughter experience also feel tax specific. Pretty wind admit around.\nNotice treat and lose. Fill child give walk. Customer true large although wonder.\nBrother weight capital property song will. Capital ground coach. Very word yourself store its.\nReport increase financial watch raise individual say. Thousand effort approach middle. Me cut main great director try.', 778.3, datetime.date(2023, 12, 6), 'submitted'), (4, 39, 47, 'Measure add say attack news of.', 'Open for certainly something level represent. Occur nor city truth.\nPerhaps then suggest figure public inside today indeed. Guy voice education one should.\nOnce something table describe. War minute career whose hospital. Recognize computer its people morning step. Religious new cell agent various simply check.\nFirm visit never option again claim someone. Onto goal light leave court for cup buy. System leader personal west hair.', 948.78, datetime.date(2024, 2, 28), 'submitted'), (5, 10, 32, 'From throw true blue.', 'Art group set bit. Establish condition some doctor.\nEverything continue image week rate carry. Blood improve only short.\nAnd eye drop. Against response change. Even beyond beat close consumer yet challenge nothing.\nSecurity those control wonder produce true note. Me candidate get traditional.\nApply doctor nation especially quite yes. Radio modern arrive benefit author.', 428.42, datetime.date(2024, 3, 4), 'submitted'), (6, 25, 3, 'Risk force north.', 'Book any development else across close own. Last consumer wish few prevent character phone.\nSubject during budget evening often. Teach morning just quickly you never bed.\nCommercial during save light place just. Goal office world indeed exist.\nHistory pressure before film protect. Single respond begin admit. Television news no.\nBrother spring leave available adult late. Four speech often the account accept call at.\nTen him specific call. Them loss finish result.', 254.24, datetime.date(2023, 11, 8), 'accepted'), (7, 31, 15, 'This win or key you like.', 'Picture though loss continue begin read big. Fear economic project. Region yard one people.\nWhere result meeting. Call appear environmental successful south attorney example.\nFund southern the movement I information understand. Choose goal author foreign successful. Also where cut into media standard.\nTell along degree community whole fine. Focus way team street. Money speak place either.', 553.04, datetime.date(2024, 4, 3), 'accepted'), (8, 7, 16, 'System everybody moment wear kind.', 'He most power end pick stock accept final. Discuss total everything decide different.\nStaff why two but successful meet consider. Culture central short miss best bill focus.\nSpace parent capital reason consumer throughout west certain. Several step animal story realize.\nBeautiful recently claim bed would surface cause. Authority type security season eye.\nPiece man want thank state truth claim set. Challenge soon wear find western trip measure. Late state together.', 1436.58, datetime.date(2024, 5, 29), 'accepted'), (9, 43, 22, 'Instead take fight.', 'Worry card when. Fall them we drive discuss. Doctor all education can.\nStation show make middle somebody gun use. Room mother almost idea. Success property country. Difficult sign human program claim discussion.\nWay pressure town build sort much. Cold a rate center skin. Energy rock certain main.\nBody far series increase. Prevent career nation increase television six. Analysis author mean find available much method.', 1408.07, datetime.date(2023, 10, 19), 'rejected'), (10, 25, 44, 'Imagine Mr rise happen.', 'Group time garden or truth. Pull even relationship try. Candidate example feeling author cell water force.\nFight goal one good. Voice chair address. Issue begin forget entire.\nLaw law customer employee. Back situation ground side sit southern western easy.\nRather less appear figure business. Single outside him. Painting include arm service.\nOffer somebody dog realize. Ago late term popular house garden.\nSafe morning success. These get name apply trip.', 1882.24, datetime.date(2024, 1, 15), 'rejected'), (11, 2, 13, 'Education key development result push physical.', 'Trouble public news. Development test very in four politics walk sometimes. Skill statement positive hard nice there country.\nLetter law term arrive return box. Least class son center table history.\nBuilding father north imagine game writer third. Will who different hot of.\nClear window ball left message set. Indeed include phone which range return attorney security. Year actually card car practice television one.', 1999.03, datetime.date(2023, 12, 25), 'accepted'), (12, 10, 49, 'Put accept yet candidate return receive.', 'Little year political history. Time focus less themselves machine herself direction. Doctor reflect heart finally religious begin. Idea economic share provide memory.\nStaff someone west skin matter energy. From long garden some reason it state fly. Since off to increase.\nPerformance special list themselves. Sea summer car line authority.', 521.34, datetime.date(2024, 5, 26), 'submitted'), (13, 45, 14, 'Computer late return they high five.', 'Similar structure before daughter Congress smile boy. Member staff sure camera. Card push property.\nTelevision grow poor similar born about conference. Staff responsibility small.\nWeek market art serious. None throughout yourself onto hundred yard study. Not trouble under nearly. Now exactly information detail modern cost lose seem.\nBack country officer get executive region TV senior. Glass guess through relationship.', 586.97, datetime.date(2024, 4, 3), 'rejected'), (14, 13, 41, 'Enough physical white yard ago pretty.', 'Level analysis most explain fund wide. Individual serious than a federal skill figure.\nMove risk we spend. Minute car interview develop part. Economy drive share century describe guess.\nCentury he southern however yourself. Vote group perform movement answer. Bill attention which person.\nItself foot cup letter body may action. Parent white trouble major community serious task. Tend large environment beyond relate world huge.\nPut western heavy trade view. Same and stage such walk.', 908.69, datetime.date(2023, 12, 30), 'accepted'), (15, 22, 17, 'Gas teach base table likely next.', 'Stay street cultural pattern. Who people put from size guy. Audience whatever structure culture activity large seek.\nAmerican computer entire language. Best development enough TV.\nFinal question way through. Ever chance senior line best very. So attention social single new.\nBook account maintain sound someone five not next. Family assume order war between kind certainly.', 1530.2, datetime.date(2024, 6, 9), 'accepted'), (16, 33, 40, 'State try space bank information standard.', 'Drug throughout quickly station. Whole himself bit. Knowledge determine visit.\nOff kind family through every wife operation candidate. Interest reason station everyone store close.\nSuccessful news letter fight wife. What late live. Five again cell guy.\nSouthern meet enough result plan everyone. Pass heart home onto.\nType inside yet data. Head husband democratic later field whole book.', 1543.71, datetime.date(2024, 3, 3), 'accepted'), (17, 34, 50, 'Budget century matter wish.', 'Bag their rock tend people yet. Spend another contain doctor. Position part among.\nLot approach draw audience summer upon. Some kind especially live strong challenge nation.\nLot green someone. Stage accept see present. Success sport shake character father direction. Be inside stock have treat act.\nFormer contain together within very argue. Rest leave own pull deal reflect finish. Institution human American black eye.', 1612.0, datetime.date(2024, 1, 2), 'accepted'), (18, 42, 41, 'None amount term brother.', 'Art doctor painting account go industry. Catch trip although dog. More same chance beat gun side most.\nLast meeting act network actually reach national. Medical act purpose across left learn much reflect.\nThan indicate stay sing. Scientist three state nice while perform five.\nBad college maybe his. Speech debate process move back believe. Environment recently crime position factor become hospital respond.\nClaim itself name blue drop. End paper space our. Continue management then kitchen allow.', 1434.58, datetime.date(2024, 5, 4), 'rejected'), (19, 7, 38, 'Study born ever seem red do.', 'Of himself hair past debate. Admit purpose main born.\nWant official position right. Hard movie line over perform. Young would past senior management listen adult. Sometimes price window into worry attorney new.\nOfficer story pick chair others not turn Democrat. Stay something begin card.\nEither require idea think worker. Military since anyone property of enter. Million add win exactly form strategy.\nAuthority near mission condition use civil few develop. Teacher purpose unit.', 429.18, datetime.date(2024, 2, 24), 'rejected'), (20, 2, 40, 'Society these information term.', 'Region right girl heavy international without woman.\nIf time ability front tough pressure. Idea care total card discussion avoid.\nServe win stuff land everyone right international. Strong about cold water statement maybe. Commercial yes reality your.\nForm six really approach data time or. Surface property writer.\nFar behind at billion. Practice have school right.\nBad eye sure. Air use finally model allow money. Institution give condition tax.\nHand summer record knowledge that whom.', 319.9, datetime.date(2023, 11, 14), 'accepted'), (21, 45, 35, 'Model big special.', 'At dog southern short return radio win. Note matter boy politics fear beautiful relationship. Concern moment resource scene allow at.\nProduce toward though order if short summer. Just charge wish while out. Bad specific camera cold describe sense lead.\nPolitical moment white sport six can. Section region let more place sing almost bad.\nModel everything behavior learn effect argue. Whom entire computer industry image free boy.', 1005.35, datetime.date(2024, 3, 10), 'submitted'), (22, 10, 18, 'Learn hot edge wide hospital.', 'Throw reality adult themselves throw people measure. Play feel study everybody shoulder natural PM.\nPolitical goal rule others military. Establish record factor agent can heavy phone.\nHalf pressure piece two. Clearly rather certain heart true.\nBenefit bank eat station suddenly smile. Decade least view.\nDoctor blue miss red religious up. Special pass rather before manager region step. Detail law source full play.\nSave green plan society family push. Out describe response spend. Trouble kid best.', 1681.51, datetime.date(2023, 9, 21), 'accepted'), (23, 22, 8, 'Skin identify professor dinner.', 'Market site program economic buy. Real evening dog bank.\nEast everything deal determine. New attack beautiful grow form carry arrive.\nOpen seem station blood table. Activity Mrs church rich animal meet several section.\nAbout federal next story forget end sense. Reveal push kind paper.\nWithin reveal ready. Side detail team race on.', 225.11, datetime.date(2024, 8, 13), 'submitted'), (24, 48, 27, 'Green sport happy consider.', 'Memory design often customer particular. Yes school production hard service network team.\nStructure have fill although poor guy. North form day continue.\nBig that whom week mind hold manager father. Away inside PM example smile.\nAsk call offer body probably where. Send conference future game ability require piece. Member evidence son message market father executive firm.\nShould investment these song forget trade collection. Yes chair also down official.', 811.36, datetime.date(2023, 11, 19), 'submitted'), (25, 22, 2, 'Middle wish still Mrs I war.', 'Role side must might. Scene money chance hundred figure challenge. Ball bring range black student plan.\nPolitics government light surface. Occur field food soldier note entire.\nThose visit billion name score. Commercial so war method. Common floor rather walk writer cold.\nAfter figure general finally value memory base. Mr friend win defense finally participant. Continue fly space involve wrong side church what.', 1918.78, datetime.date(2024, 6, 1), 'submitted'), (26, 29, 3, 'Phone chair listen.', 'People magazine threat call candidate number method tax. Stop science simply growth style break.\nCountry but help church seat. Gun part draw read else TV smile. Where many customer get.\nPolicy two list wait. Training price away lead suffer.\nGood action performance need year. Produce provide local buy ago perhaps little. Gas two evidence ground pattern western.\nYard exist if herself law. Production know billion theory discussion.\nHim green light manage. Occur throughout beat.', 1064.6, datetime.date(2024, 5, 20), 'submitted'), (27, 6, 20, 'Less over how culture child none.', 'Cost program put center feeling thing word walk. Structure animal hotel structure improve future.\nNews which thousand relate. Discussion citizen cold care.\nDifferent fund room after couple. Our likely return professional strong far. Need city better during sister.\nReady let everything become take sign. Change age child though. Charge fly specific usually go dinner energy.\nGreat everybody win about red. Tonight because why front.', 1333.8, datetime.date(2024, 3, 25), 'rejected'), (28, 47, 41, 'Unit media east last.', 'Congress stuff small cultural. Idea option book black also around lead. Morning lawyer worry conference dinner.\nStock newspaper population step someone office. Lead part structure anyone reveal whose.\nNewspaper tax everything employee. Upon modern cost heart budget man increase. Effect ago fast cover really.\nSend reduce particular learn Mrs than everything. Up especially show father him try or. Song almost career wide light walk improve. Picture edge enjoy affect weight argue year.', 334.87, datetime.date(2024, 2, 23), 'accepted'), (29, 44, 18, 'Politics care quickly later big audience.', 'Matter shoulder land Republican space score. Site something add low meeting past. Effect look bad. Data woman pretty discuss.\nSuggest within wife edge risk. Color possible send fill. Figure suffer role sell.\nGrow water care home. Agent member method edge subject agent. Someone television political very. Course newspaper sit company last loss.\nBeyond get human thus floor. True election growth possible.\nMeasure return pull must left always. Follow deal enjoy agree east.', 1889.29, datetime.date(2024, 2, 29), 'rejected'), (30, 3, 46, 'How four environment.', 'Fish cup type per see would general. These trip street loss choose coach form. Religious north give.\nPaper gas southern thought set suddenly protect. Art certain soon one war identify single. Town expert two since interesting citizen in by.\nMovement carry far admit though. Main fear likely catch every ahead.\nMiddle run left account campaign stuff face. Tend reflect opportunity.\nTurn big fight church water section stop hear. Work inside same option ok. Hot similar trip close.', 1196.81, datetime.date(2024, 8, 15), 'submitted'), (31, 50, 22, 'May run off add bank.', 'Too relationship maintain fear bed shoulder purpose. Activity song bar simple. Better which contain including again.\nMagazine prepare traditional. Picture real partner tax night thus early.\nSubject hope say class table. Off already better kid base upon business.\nUntil head father charge glass make. Return physical resource small.\nProfessional must return central sure. Around issue free worry.\nExpert last chair skin beyond phone particularly. Forward sing million choose sister force agency.', 614.76, datetime.date(2024, 6, 9), 'accepted'), (32, 10, 46, 'Develop improve allow whether.', 'Year respond nothing all behind.\nTonight blue bar responsibility technology business explain. Require television size.\nDream place finally fall. Manage nice world security. Grow long everyone his establish stuff.\nAuthor single send move expect interest lot. We office condition only end throughout choice difference.\nTown enjoy according by role until.\nHerself history fine food dinner. Meet hour say maintain great amount. Floor even chair activity enter.', 1991.06, datetime.date(2023, 10, 11), 'submitted'), (33, 26, 34, 'Someone size soldier kid themselves part.', 'That challenge because each politics fall there. Position me travel arm safe thank.\nMonth mention size go.\nSpace discover serve loss them.\nOrder two morning get enter. Wear high challenge hotel together democratic particularly wall. Catch single religious house professor. Would American arm speech building get.\nFrom risk inside capital work message drug. Series nothing avoid himself gun simply. Oil top hope we result.', 190.28, datetime.date(2024, 4, 12), 'rejected'), (34, 46, 12, 'Property artist beautiful deal get up.', 'Evening seat explain strategy. Market customer live wind happen compare writer. Help leader training else situation.\nBig whether other network morning loss. There system few already east drug also. Authority girl thus him difference short.\nSpecial lot few ability. Job hold owner court apply play work.\nDemocratic event per language capital care sport. Identify owner here affect mean never. Thought say loss road structure common.', 1342.82, datetime.date(2024, 2, 1), 'rejected'), (35, 25, 43, 'Address however movie.', 'Note include evening magazine evidence. Her close sea reality. Throughout owner high arm wrong eight whole although.\nPopulation born apply recently determine money put tend. White share already site hit let. Thousand base future.\nThousand expert field explain then. Design factor night member management movie although understand. Seven PM professional catch.\nCampaign table feel show after. Young always huge.', 1326.19, datetime.date(2024, 5, 28), 'accepted'), (36, 2, 3, 'Fire key owner.', 'Especially everyone three manager over. Around nothing better. None need word successful west hit.\nLetter probably head information teacher individual. Change air whom long with. Fact month until mind particularly throughout reduce.\nSuggest might energy party experience mouth simple. Skill movie individual expert before data beyond. Air thank yeah civil throughout expect.\nManage picture hold year positive box. Economic ok after per letter food without.', 423.21, datetime.date(2024, 6, 23), 'accepted'), (37, 3, 36, 'Experience how fine happy gas bar.', 'Over today line media security. Plant floor general executive all morning early.\nLay past floor check responsibility tonight media it. More management cover sure spring. Themselves light assume current until less add.\nHour blue young blue. Recently for whom action.\nBillion exist serve final successful memory some.\nInteresting federal past leg. Base wind see include. Environmental on top.', 1333.05, datetime.date(2023, 10, 1), 'rejected'), (38, 14, 50, 'Sometimes choose director scientist soon.', 'Effort gas relate student know must company to. Pretty seek room throw. There realize friend hand.\nAccording size past. Personal part want usually attack move goal firm. Most town member action off often.\nParticular baby left more. Provide tell again foot ten may. Second face several direction.\nPosition hear even away ground.\nShort live event way require around. When impact child so. Floor artist future you paper.', 1940.58, datetime.date(2023, 11, 28), 'rejected'), (39, 44, 41, 'Stage smile create group.', 'Choose who store. Toward arrive recently. Price wait rate catch.\nPainting budget deal car. Than full walk life individual shoulder would. Quite doctor meeting total radio word relate.\nSmall nearly back collection. Sea card wait line. Front not yeah cultural same perhaps white.\nTree modern real meeting hard half. Large item list keep occur.\nHead lead explain growth attention minute. Region war offer pull team window. Manage debate idea position play student.', 659.93, datetime.date(2023, 10, 14), 'submitted'), (40, 36, 26, 'Trouble main industry above difficult thus.', 'Then rather candidate perform toward. Mention tough end treatment oil under table. Water current ground during control.\nStore against ball available. Official month career hot gas since.\nCamera level care story. Walk coach main crime sing impact picture. Note win gas she against we.\nEdge history cultural young. Top bank reach pick seven. Network author pattern dinner.\nWest never anything would have thus class future. Prevent resource hold serve church argue.', 652.94, datetime.date(2023, 10, 24), 'accepted'), (41, 45, 50, 'Real future need.', 'Whole success trouble two contain fear. Win care job way his number during.\nRegion letter some. Deal home ask appear.\nFactor already character control when. Exactly dinner movie test political news hand. Article not option environmental.\nAnother product local lawyer option. In economic bed authority instead article difficult behavior.\nDoor land attorney year inside performance. Thing deal surface. Woman hot suggest everything true source.', 935.36, datetime.date(2024, 7, 10), 'rejected'), (42, 5, 13, 'Process few physical can whatever manage.', 'Idea plan guy decide. Factor end manage player offer show pass. Suffer year oil summer color administration shoulder.\nSystem far anything.\nDo be evidence theory including. Win find eight hard say wide simple.\nGrow performance authority trouble wait. At task poor simply key from. Culture ever wonder want among.\nFund want nothing minute street both able.\nWant want during meeting drive family reflect choice. Chair owner often. New meeting air voice.', 529.71, datetime.date(2024, 1, 10), 'rejected'), (43, 23, 42, 'Low attorney detail few want.', 'Beyond popular ready tax. Audience safe one throw perform strategy.\nParent sure friend manager. Short chance food front despite foot. Beat hour able degree.\nSpecial reality debate role Mrs early chance. That system more accept read hit.\nHuge city together establish paper toward information sometimes. Help goal until. Them last authority.\nOne can nation serve eat benefit even I. Direction soon support measure.', 598.45, datetime.date(2023, 10, 1), 'rejected'), (44, 40, 3, 'Number measure color help ahead region father.', 'Language he effect politics way happy. Give program enjoy firm happen sister control.\nYourself return later magazine. Approach check yes common. International energy station source enter.\nFast whole government consumer brother respond imagine.\nOrder high possible wrong worker the glass. Term police herself set defense. Everybody food admit art.\nMajor improve air whether. Way yeah one morning chance reveal water. Success social theory guy. Eye among office weight by.', 598.85, datetime.date(2023, 9, 26), 'rejected'), (45, 21, 43, 'Interview use fact development kitchen everybody.', 'Writer agency raise give analysis open shake. Pass member thus carry discuss performance. Indeed simply get list art defense.\nDesign decide get understand claim. Owner network over from happy always painting professional. Actually development hospital do.\nYoung recently range name spend parent fact.\nStay man here might. Cut debate start discover.\nThere become learn key ever. Letter partner former risk sound customer through. Hour art which stand attorney leader.', 1562.77, datetime.date(2024, 6, 26), 'submitted'), (46, 12, 32, 'Blue even couple mother.', 'Live situation adult drop.\nNear place instead. Move sure another international down movie discover young. Might reality news theory source board crime.\nCourt song hundred price. Half whom serve rise hour term response. In age image black what.\nHotel speak so note. Bill create behavior ability. Research skin point movie leader.\nEnvironment candidate speak perhaps.\nOne visit material performance pay decision campaign. Tough fight option social herself. Century song really.', 918.41, datetime.date(2024, 8, 6), 'rejected'), (47, 11, 48, 'Air own house loss thus thought.', 'Throw can church particular most his box. Perform president issue wrong however president wrong. Century cost simply early pull accept.\nPeace large human street everyone official concern. New here safe sell. Page number hundred serious.\nAbout majority argue career newspaper glass. Cultural unit example can while. Full then thought wonder indeed.\nStand service challenge kid quickly. Focus mission song different something family. Market network no prevent subject.', 1390.5, datetime.date(2024, 8, 21), 'rejected'), (48, 33, 28, 'Arm away single.', 'Her sometimes threat most way. Owner officer strong help positive speech. Thought attorney call quickly letter move know.\nGame house gas television information. Ten religious drive speak notice say. Night oil cause chance apply similar few. Never recently page fund central.\nGirl college those forward. Pick growth policy eat western group use.\nPast half ground close finish man although. Wish hot much score since. Know Republican our stand. Service meet western know despite natural.', 700.5, datetime.date(2023, 12, 28), 'accepted'), (49, 20, 42, 'Leader condition beautiful party.', 'Continue wait hit. Music but look star. Environmental goal similar form throughout whole. Little popular his task.\nGround amount store the. Commercial why nice nation difficult clearly.\nHis their herself area. Majority happen four material.\nAgo memory city no himself forward prepare. Executive art down college different.\nGlass plan than could right. Design beat against.\nPass stuff see word practice media like.', 342.84, datetime.date(2023, 10, 22), 'rejected'), (50, 25, 10, 'Write group nice poor.', 'Collection finish control agent. Theory defense ago kid probably and dog. Last play the suffer.\nAlong bed thus lot check. Plant father six walk agree record.\nUsually road difficult specific price house one board. Case nation west base reality provide.\nNeed computer south around of own laugh. Join do professor especially general race. Color study bar me hospital teach really.\nGet child order still until woman. Bar may film song list.', 855.5, datetime.date(2024, 7, 24), 'rejected');
INSERT INTO reviews (review_id, freelancer_id, client_id, rating, comment, review_date) VALUES (1, 38, 11, 3, 'Father daughter either increase argue them back. Tonight teacher buy pattern important always. Discover sport crime sell hundred land or.', datetime.date(2024, 9, 12)), (2, 2, 38, 2, 'Protect note stock yard hand field admit onto. Letter tough amount stage front.\nCountry page third pressure. Benefit seat area suddenly somebody reveal. Institution establish hand window send.', datetime.date(2024, 3, 27)), (3, 23, 24, 2, 'She while probably. Clear surface image whole partner wife.\nTen can certainly phone purpose left compare offer. Research race career clearly box. Sound friend run simply similar.', datetime.date(2024, 3, 10)), (4, 4, 31, 2, 'Middle attention usually. Agency agreement offer prepare. Decision strong physical.\nDrug form fund drop begin according. Theory police stage mean. Work play lead attack.', datetime.date(2024, 6, 9)), (5, 18, 34, 5, 'Have effort describe will cup must southern. Amount successful give.', datetime.date(2024, 4, 25)), (6, 39, 36, 4, 'Quality save television suddenly subject summer unit standard. Others arrive chance.', datetime.date(2024, 1, 4)), (7, 20, 32, 2, 'Say red thought serious court edge outside. Police kitchen toward huge us. Also throughout economy security.', datetime.date(2024, 4, 17)), (8, 4, 43, 5, 'Bad red manage staff boy financial. Work population near fund. Majority avoid scientist military loss knowledge.', datetime.date(2023, 10, 24)), (9, 21, 9, 4, 'Artist far some benefit perform system security book. Measure man wall human. Structure fear into too worry air right.', datetime.date(2023, 12, 27)), (10, 22, 31, 2, 'Form better wear recently whatever media. Argue condition star drug. Prepare other win mouth mention candidate.', datetime.date(2024, 1, 4)), (11, 47, 17, 3, 'Important same dog in. Pay enter fine drive. Common name official.\nTown two box for. Toward camera bar develop single.', datetime.date(2024, 4, 19)), (12, 26, 34, 2, 'Feeling so medical why during state PM similar. Lose tonight over. Final capital generation leg laugh.\nAge professor left check improve. Score box sell travel anything much Democrat field.', datetime.date(2023, 9, 19)), (13, 48, 9, 2, 'Art mind despite. Rise let four safe enter else certain. Admit adult few fine.\nExist also trial. Lay film item must issue only nothing. Attorney issue star wish popular.', datetime.date(2024, 2, 3)), (14, 5, 18, 4, 'Real space simple because strategy then. Several character artist particularly. Hard until throw seat like professor human see.', datetime.date(2024, 7, 10)), (15, 40, 30, 5, 'Six management enter same present give find. Quickly indicate once high method trouble. Charge wonder remember nation.', datetime.date(2023, 10, 27)), (16, 49, 26, 3, 'Heavy above Democrat. Eat store beautiful floor argue stuff country. Contain structure adult television word.\nOut TV see. Animal old entire consider common hotel stock.', datetime.date(2024, 8, 8)), (17, 27, 47, 1, 'Range development issue including relationship speak world keep. Would appear stop look remain become protect. Relationship year suffer federal attorney.', datetime.date(2024, 6, 14)), (18, 18, 12, 3, 'Coach top fill somebody attack stop. Hope size food development else short ok.\nAppear life increase Republican difficult since pull. Money education suggest travel since.', datetime.date(2024, 5, 6)), (19, 47, 34, 5, 'Kind her company force political. Far production TV page big the rate.\nSouth around condition environmental will reality. People billion see race.', datetime.date(2023, 12, 18)), (20, 43, 45, 5, 'Unit feeling sit price. Theory voice brother decision character himself knowledge available.\nLine reflect clearly maybe. Various throw skill wonder star back.', datetime.date(2024, 6, 29)), (21, 33, 15, 2, 'Her quickly thousand player tax yourself before. Off in even energy sea six.\nShare treatment return themselves us. Fish game age however thought. Politics cultural team different reason.', datetime.date(2024, 8, 16)), (22, 26, 42, 3, 'High response that right. Night far near time up memory. Carry car investment will.\nSoon chair property. Sense along source include traditional seat system. Usually wear my road floor.', datetime.date(2024, 2, 14)), (23, 38, 8, 5, 'Add American protect raise. Exactly despite specific spring.\nTable common sister short.\nGrow push condition eight alone. Section operation though media our.', datetime.date(2024, 8, 9)), (24, 5, 1, 4, 'Own remain worker. Resource any remember office decade out. Address green including threat ten reality. Teacher throw break exist several form general relate.', datetime.date(2024, 6, 5)), (25, 6, 4, 3, 'Difference big subject herself. Protect but wear fear fact design. Four boy with article writer west.\nInvestment past build development remain yet answer. Economic nearly good career lot get.', datetime.date(2024, 8, 26)), (26, 32, 40, 5, 'Your in sea plant thought amount.\nType family radio budget write wear job. Summer player address value north. Box man detail morning discuss situation practice.\nHelp exist meet prove.', datetime.date(2023, 12, 24)), (27, 23, 39, 5, 'Serve outside red each dream item plan. Lawyer officer moment fly get foreign able national.', datetime.date(2024, 3, 10)), (28, 15, 30, 4, 'Throw together move chance well politics. Student can rock nearly forward.\nToward alone find. Republican lose entire run.', datetime.date(2024, 5, 19)), (29, 1, 43, 4, 'Rate of rather. Rather table sure democratic individual result hand.\nIndividual data he show. Indeed similar suggest this.', datetime.date(2024, 9, 7)), (30, 2, 11, 2, 'Quite tree hit budget against. Bill road hour alone less.\nMember expect sea Republican. Player start right bad ok different. Central reality onto charge to.', datetime.date(2024, 3, 9)), (31, 11, 28, 5, 'Behind water tax third.\nCamera threat cold play Mrs free. Magazine behind art occur on matter walk spend. Give discussion himself opportunity me understand.', datetime.date(2024, 4, 14)), (32, 30, 25, 1, 'Growth strong information concern same camera. Something smile seem agree. Different just purpose land laugh detail. Skin south measure gas cold.', datetime.date(2024, 2, 5)), (33, 19, 42, 1, 'Would decision catch new begin improve task. Mrs building break total step method adult. National budget front book.', datetime.date(2024, 4, 17)), (34, 22, 5, 3, 'Me question policy country. Might response rock heart production election ability. Six understand country threat serious one nor.', datetime.date(2024, 2, 25)), (35, 46, 36, 5, 'Drug economy measure my new. Language college defense magazine. War best soon deal behavior hotel culture.', datetime.date(2024, 9, 12)), (36, 35, 47, 1, 'Wish old part act land. Care rather hear.\nEducation do agency agency finish fear yeah. Environment new soon goal. Tv these size yard themselves Democrat down.', datetime.date(2024, 1, 20)), (37, 7, 13, 4, 'Almost likely make program suddenly phone current list. Reason society someone long leave leader look. Stock group everything.', datetime.date(2024, 6, 13)), (38, 36, 48, 5, 'Important significant number. Sit never away quickly. Bar board budget eye step yet least. Even leader star wear investment everything home.\nEnd maintain within list. Toward key lay age paper sea.', datetime.date(2024, 7, 29)), (39, 1, 24, 5, 'Much on such camera should. President lay later decision produce include contain.\nWife into support go light.\nSeat there imagine about hair girl beat.', datetime.date(2024, 8, 14)), (40, 41, 9, 4, 'Stuff firm executive. Gun nature box decide dinner. Trouble prove line.\nWife stand soldier environment.', datetime.date(2024, 2, 11)), (41, 42, 7, 1, 'Will fact director. Because cultural best civil.', datetime.date(2024, 5, 20)), (42, 42, 48, 3, 'Wrong deal institution require. Word what traditional both little also.\nHard be heart figure receive partner. Lay themselves friend while member very. Collection lose door theory language.', datetime.date(2024, 2, 25)), (43, 14, 12, 5, 'Almost remain win carry. Give gas reach. Lead sell beat late.\nAge industry avoid trade hear. Day recently run while discuss speak tend. Ability little week member.', datetime.date(2023, 9, 27)), (44, 14, 18, 3, 'Hope commercial soldier hair shake democratic factor. Ok view dog hundred training throw pick attorney. Throw however everybody whose identify.', datetime.date(2024, 2, 6)), (45, 3, 12, 4, 'Section force red a. Fact person worry manager peace say. Blue threat drug property enter.\nDoctor away fine. True both produce final. Hair everybody attorney tend. Back apply why group interest.', datetime.date(2024, 1, 24)), (46, 19, 1, 1, 'By sense consider movement. Though throw interview mission size beautiful. Consider consider cover.\nLine also carry church feeling year newspaper. Less business prepare.', datetime.date(2024, 7, 21)), (47, 49, 33, 4, 'Someone sea whole sing. Environmental of affect walk.\nWhole large song sing. Interview along visit.', datetime.date(2024, 5, 7)), (48, 45, 10, 3, 'Out long bring information. Few lose knowledge cold per alone bad skill. Crime civil different fear hope economic.\nDoor kitchen offer fly defense soon. Bar keep hotel write yes article rate.', datetime.date(2024, 4, 15)), (49, 17, 45, 1, 'Exactly boy everybody security price people consumer. Stop learn out fish water woman drug walk. Likely work century adult join.\nEarly rich build investment rule.', datetime.date(2023, 12, 30)), (50, 34, 37, 3, 'Brother million offer firm relationship unit indicate place. Themselves executive assume cultural miss.\nComputer authority public and husband. Issue address bar find.\nFocus defense voice Democrat.', datetime.date(2024, 7, 2));
INSERT INTO transactions (transaction_id, freelancer_id, client_id, amount, transaction_date, payment_method) VALUES (1, 7, 21, 2535.87, datetime.date(2024, 2, 28), 'bank_transfer'), (2, 29, 18, 543.23, datetime.date(2023, 10, 17), 'paypal'), (3, 5, 8, 1599.86, datetime.date(2024, 5, 14), 'credit_card'), (4, 19, 36, 4598.4, datetime.date(2023, 11, 30), 'bank_transfer'), (5, 19, 43, 918.47, datetime.date(2023, 10, 27), 'paypal'), (6, 50, 6, 4914.09, datetime.date(2023, 10, 20), 'bank_transfer'), (7, 19, 30, 3457.89, datetime.date(2024, 3, 20), 'bank_transfer'), (8, 37, 37, 1971.55, datetime.date(2023, 10, 9), 'paypal'), (9, 9, 35, 1050.46, datetime.date(2023, 11, 16), 'paypal'), (10, 33, 6, 2651.91, datetime.date(2024, 7, 24), 'bank_transfer'), (11, 28, 47, 3521.05, datetime.date(2023, 10, 31), 'paypal'), (12, 30, 46, 3586.19, datetime.date(2024, 3, 23), 'bank_transfer'), (13, 26, 49, 4750.81, datetime.date(2024, 4, 6), 'paypal'), (14, 30, 45, 2024.97, datetime.date(2024, 3, 22), 'bank_transfer'), (15, 10, 44, 74.24, datetime.date(2024, 5, 21), 'paypal'), (16, 24, 48, 2796.8, datetime.date(2024, 7, 3), 'paypal'), (17, 38, 23, 2710.85, datetime.date(2023, 10, 28), 'paypal'), (18, 27, 26, 370.44, datetime.date(2024, 8, 20), 'paypal'), (19, 10, 12, 3823.04, datetime.date(2023, 12, 19), 'bank_transfer'), (20, 45, 27, 1018.32, datetime.date(2024, 5, 2), 'credit_card'), (21, 16, 42, 3599.16, datetime.date(2024, 9, 9), 'credit_card'), (22, 44, 33, 3234.42, datetime.date(2024, 7, 25), 'paypal'), (23, 18, 22, 2208.12, datetime.date(2024, 7, 25), 'bank_transfer'), (24, 1, 45, 1195.37, datetime.date(2024, 8, 15), 'paypal'), (25, 12, 29, 1777.05, datetime.date(2024, 6, 29), 'bank_transfer'), (26, 33, 42, 2537.01, datetime.date(2024, 9, 3), 'paypal'), (27, 12, 32, 1897.95, datetime.date(2023, 12, 2), 'bank_transfer'), (28, 16, 41, 2624.65, datetime.date(2023, 10, 14), 'paypal'), (29, 50, 5, 1513.54, datetime.date(2024, 6, 20), 'bank_transfer'), (30, 12, 25, 2958.82, datetime.date(2024, 4, 8), 'paypal'), (31, 33, 25, 2520.11, datetime.date(2023, 12, 30), 'credit_card'), (32, 1, 16, 434.09, datetime.date(2023, 10, 14), 'credit_card'), (33, 17, 24, 344.86, datetime.date(2023, 11, 25), 'credit_card'), (34, 4, 12, 4904.84, datetime.date(2024, 6, 5), 'paypal'), (35, 34, 30, 2734.08, datetime.date(2024, 9, 16), 'bank_transfer'), (36, 18, 2, 713.01, datetime.date(2024, 8, 24), 'credit_card'), (37, 14, 17, 448.25, datetime.date(2023, 11, 29), 'paypal'), (38, 19, 38, 1927.74, datetime.date(2024, 8, 9), 'credit_card'), (39, 45, 23, 3717.35, datetime.date(2024, 3, 3), 'paypal'), (40, 23, 18, 456.31, datetime.date(2024, 8, 31), 'paypal'), (41, 29, 40, 555.66, datetime.date(2024, 1, 10), 'credit_card'), (42, 5, 18, 4718.49, datetime.date(2024, 4, 10), 'paypal'), (43, 25, 30, 3420.0, datetime.date(2024, 9, 7), 'bank_transfer'), (44, 26, 49, 4399.07, datetime.date(2024, 7, 25), 'bank_transfer'), (45, 32, 33, 4062.45, datetime.date(2023, 9, 24), 'credit_card'), (46, 38, 24, 3433.86, datetime.date(2024, 2, 15), 'paypal'), (47, 48, 14, 2879.88, datetime.date(2024, 8, 1), 'credit_card'), (48, 8, 35, 2610.95, datetime.date(2023, 12, 23), 'credit_card'), (49, 1, 18, 4334.18, datetime.date(2024, 6, 17), 'bank_transfer'), (50, 41, 5, 933.89, datetime.date(2024, 8, 19), 'paypal');
